{"cameraMode":{"drawMode":0,"name":"Shaded","section":"Shading Mode"},"sceneLighting":false,"audioPlay":false,"sceneViewState":{"showFog":true,"showMaterialUpdate":false,"showSkybox":true,"showFlares":true,"showImageEffects":true,"showParticleSystems":true},"in2DMode":false,"pivot":{"x":286.6237487792969,"y":158.6370086669922,"z":0.9732513427734375},"rotation":{"x":-0.12434738129377365,"y":0.8214060068130493,"z":-0.19606469571590424,"w":-0.5209496021270752},"size":376.6891784667969,"orthographic":false}