{"cameraMode":{"drawMode":0,"name":"Shaded","section":"Shading Mode"},"sceneLighting":false,"audioPlay":false,"sceneViewState":{"showFog":true,"showMaterialUpdate":false,"showSkybox":true,"showFlares":true,"showImageEffects":true,"showParticleSystems":true},"in2DMode":false,"pivot":{"x":271.6151123046875,"y":160.8245849609375,"z":0.1440114974975586},"rotation":{"x":-0.12434738129377365,"y":0.8214060068130493,"z":-0.19606469571590424,"w":-0.5209496021270752},"size":20.202728271484376,"orthographic":false}