{"cameraMode":{"drawMode":0,"name":"Shaded","section":"Shading Mode"},"sceneLighting":false,"audioPlay":false,"sceneViewState":{"showFog":true,"showMaterialUpdate":false,"showSkybox":true,"showFlares":true,"showImageEffects":true,"showParticleSystems":true},"in2DMode":false,"pivot":{"x":272.6954040527344,"y":159.95840454101563,"z":2.3906102180480959},"rotation":{"x":-0.1524873673915863,"y":0.23130331933498383,"z":-0.03673456236720085,"w":-0.96015465259552},"size":4.8617143630981449,"orthographic":false}