{"cameraMode":{"drawMode":0,"name":"Shaded","section":"Shading Mode"},"sceneLighting":false,"audioPlay":false,"sceneViewState":{"showFog":true,"showMaterialUpdate":false,"showSkybox":true,"showFlares":true,"showImageEffects":true,"showParticleSystems":true},"in2DMode":false,"pivot":{"x":286.6237487792969,"y":162.9627685546875,"z":0.9732533097267151},"rotation":{"x":-0.2753836214542389,"y":0.008651813492178917,"z":-0.002480038907378912,"w":-0.9612923264503479},"size":12.938852310180664,"orthographic":false}